metric,parameter,mu,mu_star,sigma,mu_star_conf
attitude_tracking_error,gamma_x_tran_L11,0.0,0.0,0.0,0.0
attitude_tracking_error,gamma_x_tran_L21,0.0,0.0,0.0,0.0
attitude_tracking_error,gamma_x_tran_L22,-0.075,0.075,0.3354101966249685,0.16251162848323228
attitude_tracking_error,gamma_x_tran_L31,0.0,0.0,0.0,0.0
attitude_tracking_error,gamma_x_tran_L32,0.0,0.0,0.0,0.0
attitude_tracking_error,gamma_x_tran_L33,-0.075,0.075,0.3354101966249686,0.14240426190448793
attitude_tracking_error,gamma_x_tran_L41,0.0,0.0,0.0,0.0
attitude_tracking_error,gamma_x_tran_L42,0.0,0.0,0.0,0.0
attitude_tracking_error,gamma_x_tran_L43,0.0,0.0,0.0,0.0
attitude_tracking_error,gamma_x_tran_L44,0.0,0.0,0.0,0.0
attitude_tracking_error,gamma_x_tran_L51,0.075,0.075,0.3354101966249688,0.13110433088021536
attitude_tracking_error,gamma_x_tran_L52,0.0,0.0,0.0,0.0
attitude_tracking_error,gamma_x_tran_L53,0.0,0.0,0.0,0.0
attitude_tracking_error,gamma_x_tran_L54,0.0,0.0,0.0,0.0
attitude_tracking_error,gamma_x_tran_L55,-0.075,0.075,0.3354101966249688,0.1490908368433581
attitude_tracking_error,gamma_x_tran_L61,0.0,0.0,0.0,0.0
attitude_tracking_error,gamma_x_tran_L62,0.0,0.0,0.0,0.0
attitude_tracking_error,gamma_x_tran_L63,0.0,0.0,0.0,0.0
attitude_tracking_error,gamma_x_tran_L64,0.0,0.0,0.0,0.0
attitude_tracking_error,gamma_x_tran_L65,0.0,0.0,0.0,0.0
attitude_tracking_error,gamma_x_tran_L66,0.0,0.0,0.0,0.0
attitude_tracking_error,gamma_r_tran_L11,0.0,0.0,0.0,0.0
attitude_tracking_error,gamma_r_tran_L21,0.0,0.0,0.0,0.0
attitude_tracking_error,gamma_r_tran_L22,-0.075,0.075,0.3354101966249686,0.15774085219822828
attitude_tracking_error,gamma_r_tran_L31,0.0,0.0,0.0,0.0
attitude_tracking_error,gamma_r_tran_L32,0.0,0.0,0.0,0.0
attitude_tracking_error,gamma_r_tran_L33,0.0,0.0,0.0,0.0
attitude_tracking_error,gamma_theta_tran_L11,0.0,0.0,0.0,0.0
attitude_tracking_error,gamma_theta_tran_L21,0.0,0.0,0.0,0.0
attitude_tracking_error,gamma_theta_tran_L22,0.0,0.0,0.0,0.0
attitude_tracking_error,gamma_theta_tran_L31,0.0,0.0,0.0,0.0
attitude_tracking_error,gamma_theta_tran_L32,0.0,0.0,0.0,0.0
attitude_tracking_error,gamma_theta_tran_L33,0.0,0.0,0.0,0.0
attitude_tracking_error,gamma_theta_tran_L41,0.0,0.0,0.0,0.0
attitude_tracking_error,gamma_theta_tran_L42,0.0,0.0,0.0,0.0
attitude_tracking_error,gamma_theta_tran_L43,0.0,0.0,0.0,0.0
attitude_tracking_error,gamma_theta_tran_L44,0.0,0.0,0.0,0.0
attitude_tracking_error,gamma_theta_tran_L51,0.0,0.0,0.0,0.0
attitude_tracking_error,gamma_theta_tran_L52,0.0,0.0,0.0,0.0
attitude_tracking_error,gamma_theta_tran_L53,0.0,0.0,0.0,0.0
attitude_tracking_error,gamma_theta_tran_L54,0.0,0.0,0.0,0.0
attitude_tracking_error,gamma_theta_tran_L55,0.0,0.0,0.0,0.0
attitude_tracking_error,gamma_theta_tran_L61,0.0,0.0,0.0,0.0
attitude_tracking_error,gamma_theta_tran_L62,0.0,0.0,0.0,0.0
attitude_tracking_error,gamma_theta_tran_L63,0.0,0.0,0.0,0.0
attitude_tracking_error,gamma_theta_tran_L64,0.0,0.0,0.0,0.0
attitude_tracking_error,gamma_theta_tran_L65,0.0,0.0,0.0,0.0
attitude_tracking_error,gamma_theta_tran_L66,0.075,0.075,0.3354101966249688,0.14693046669390777
attitude_tracking_error,gamma_x_rot_L11,0.0,0.0,0.0,0.0
attitude_tracking_error,gamma_x_rot_L21,0.0,0.0,0.0,0.0
attitude_tracking_error,gamma_x_rot_L22,0.0,0.0,0.0,0.0
attitude_tracking_error,gamma_x_rot_L31,0.0,0.0,0.0,0.0
attitude_tracking_error,gamma_x_rot_L32,0.0,0.0,0.0,0.0
attitude_tracking_error,gamma_x_rot_L33,0.0,0.0,0.0,0.0
attitude_tracking_error,gamma_r_rot_L11,0.0,0.0,0.0,0.0
attitude_tracking_error,gamma_r_rot_L21,0.0,0.0,0.0,0.0
attitude_tracking_error,gamma_r_rot_L22,0.0,0.0,0.0,0.0
attitude_tracking_error,gamma_r_rot_L31,0.0,0.0,0.0,0.0
attitude_tracking_error,gamma_r_rot_L32,0.0,0.0,0.0,0.0
attitude_tracking_error,gamma_r_rot_L33,0.0,0.0,0.0,0.0
attitude_tracking_error,gamma_theta_rot_L11,0.0,0.0,0.0,0.0
attitude_tracking_error,gamma_theta_rot_L21,0.0,0.0,0.0,0.0
attitude_tracking_error,gamma_theta_rot_L22,0.0,0.0,0.0,0.0
attitude_tracking_error,gamma_theta_rot_L31,0.0,0.0,0.0,0.0
attitude_tracking_error,gamma_theta_rot_L32,0.0,0.0,0.0,0.0
attitude_tracking_error,gamma_theta_rot_L33,0.0,0.0,0.0,0.0
attitude_tracking_error,gamma_theta_rot_L41,0.0,0.0,0.0,0.0
attitude_tracking_error,gamma_theta_rot_L42,0.0,0.0,0.0,0.0
attitude_tracking_error,gamma_theta_rot_L43,0.0,0.0,0.0,0.0
attitude_tracking_error,gamma_theta_rot_L44,0.0,0.0,0.0,0.0
attitude_tracking_error,gamma_theta_rot_L51,0.0,0.0,0.0,0.0
attitude_tracking_error,gamma_theta_rot_L52,0.0,0.0,0.0,0.0
attitude_tracking_error,gamma_theta_rot_L53,0.0,0.0,0.0,0.0
attitude_tracking_error,gamma_theta_rot_L54,0.0,0.0,0.0,0.0
attitude_tracking_error,gamma_theta_rot_L55,0.0,0.0,0.0,0.0
attitude_tracking_error,gamma_theta_rot_L61,0.0,0.0,0.0,0.0
attitude_tracking_error,gamma_theta_rot_L62,0.0,0.0,0.0,0.0
attitude_tracking_error,gamma_theta_rot_L63,0.0,0.0,0.0,0.0
attitude_tracking_error,gamma_theta_rot_L64,0.0,0.0,0.0,0.0
attitude_tracking_error,gamma_theta_rot_L65,0.0,0.0,0.0,0.0
attitude_tracking_error,gamma_theta_rot_L66,0.0,0.0,0.0,0.0
attitude_tracking_error,q_tran_L11,0.0,0.0,0.0,0.0
attitude_tracking_error,q_tran_L21,0.0,0.0,0.0,0.0
attitude_tracking_error,q_tran_L22,0.0,0.0,0.0,0.0
attitude_tracking_error,q_tran_L31,0.0,0.0,0.0,0.0
attitude_tracking_error,q_tran_L32,0.0,0.0,0.0,0.0
attitude_tracking_error,q_tran_L33,0.0,0.0,0.0,0.0
attitude_tracking_error,q_tran_L41,0.0,0.0,0.0,0.0
attitude_tracking_error,q_tran_L42,0.0,0.0,0.0,0.0
attitude_tracking_error,q_tran_L43,0.0,0.0,0.0,0.0
attitude_tracking_error,q_tran_L44,0.0,0.0,0.0,0.0
attitude_tracking_error,q_tran_L51,0.0,0.0,0.0,0.0
attitude_tracking_error,q_tran_L52,0.0,0.0,0.0,0.0
attitude_tracking_error,q_tran_L53,0.0,0.0,0.0,0.0
attitude_tracking_error,q_tran_L54,0.0,0.0,0.0,0.0
attitude_tracking_error,q_tran_L55,0.0,0.0,0.0,0.0
attitude_tracking_error,q_tran_L61,0.0,0.0,0.0,0.0
attitude_tracking_error,q_tran_L62,0.0,0.0,0.0,0.0
attitude_tracking_error,q_tran_L63,0.0,0.0,0.0,0.0
attitude_tracking_error,q_tran_L64,0.0,0.0,0.0,0.0
attitude_tracking_error,q_tran_L65,0.0,0.0,0.0,0.0
attitude_tracking_error,q_tran_L66,-0.075,0.075,0.3354101966249688,0.13540397069726426
attitude_tracking_error,q_rot_L11,0.0,0.0,0.0,0.0
attitude_tracking_error,q_rot_L21,0.0,0.0,0.0,0.0
attitude_tracking_error,q_rot_L22,0.0,0.0,0.0,0.0
attitude_tracking_error,q_rot_L31,0.0,0.0,0.0,0.0
attitude_tracking_error,q_rot_L32,0.0,0.0,0.0,0.0
attitude_tracking_error,q_rot_L33,0.0,0.0,0.0,0.0
attitude_tracking_error,K_P_omega_ref_1,0.0,0.0,0.0,0.0
attitude_tracking_error,K_P_omega_ref_2,0.0,0.0,0.0,0.0
attitude_tracking_error,K_P_omega_ref_3,0.0,0.0,0.0,0.0
attitude_tracking_error,K_I_omega_ref_1,0.0,0.0,0.0,0.0
attitude_tracking_error,K_I_omega_ref_2,0.0,0.0,0.0,0.0
attitude_tracking_error,K_I_omega_ref_3,0.0,0.0,0.0,0.0
attitude_tracking_error,sigma_x_tran,0.0,0.0,0.0,0.0
attitude_tracking_error,sigma_r_tran,0.0,0.0,0.0,0.0
attitude_tracking_error,sigma_Theta_tran,0.0,0.0,0.0,0.0
attitude_tracking_error,sigma_x_rot,0.0,0.0,0.0,0.0
attitude_tracking_error,sigma_r_rot,0.0,0.0,0.0,0.0
attitude_tracking_error,sigma_Theta_rot,0.0,0.0,0.0,0.0
angular_velocity_tracking_error,gamma_x_tran_L11,0.0,0.0,0.0,0.0
angular_velocity_tracking_error,gamma_x_tran_L21,0.0,0.0,0.0,0.0
angular_velocity_tracking_error,gamma_x_tran_L22,-0.075,0.075,0.3354101966249685,0.15774085219822828
angular_velocity_tracking_error,gamma_x_tran_L31,0.0,0.0,0.0,0.0
angular_velocity_tracking_error,gamma_x_tran_L32,0.0,0.0,0.0,0.0
angular_velocity_tracking_error,gamma_x_tran_L33,-0.075,0.075,0.3354101966249686,0.15224167990580073
angular_velocity_tracking_error,gamma_x_tran_L41,0.0,0.0,0.0,0.0
angular_velocity_tracking_error,gamma_x_tran_L42,0.0,0.0,0.0,0.0
angular_velocity_tracking_error,gamma_x_tran_L43,0.0,0.0,0.0,0.0
angular_velocity_tracking_error,gamma_x_tran_L44,0.0,0.0,0.0,0.0
angular_velocity_tracking_error,gamma_x_tran_L51,0.075,0.075,0.3354101966249688,0.13044507065439154
angular_velocity_tracking_error,gamma_x_tran_L52,0.0,0.0,0.0,0.0
angular_velocity_tracking_error,gamma_x_tran_L53,0.0,0.0,0.0,0.0
angular_velocity_tracking_error,gamma_x_tran_L54,0.0,0.0,0.0,0.0
angular_velocity_tracking_error,gamma_x_tran_L55,-0.075,0.075,0.3354101966249688,0.12827695102521564
angular_velocity_tracking_error,gamma_x_tran_L61,0.0,0.0,0.0,0.0
angular_velocity_tracking_error,gamma_x_tran_L62,0.0,0.0,0.0,0.0
angular_velocity_tracking_error,gamma_x_tran_L63,0.0,0.0,0.0,0.0
angular_velocity_tracking_error,gamma_x_tran_L64,0.0,0.0,0.0,0.0
angular_velocity_tracking_error,gamma_x_tran_L65,0.0,0.0,0.0,0.0
angular_velocity_tracking_error,gamma_x_tran_L66,0.0,0.0,0.0,0.0
angular_velocity_tracking_error,gamma_r_tran_L11,0.0,0.0,0.0,0.0
angular_velocity_tracking_error,gamma_r_tran_L21,0.0,0.0,0.0,0.0
angular_velocity_tracking_error,gamma_r_tran_L22,-0.075,0.075,0.3354101966249686,0.14475293347369747
angular_velocity_tracking_error,gamma_r_tran_L31,0.0,0.0,0.0,0.0
angular_velocity_tracking_error,gamma_r_tran_L32,0.0,0.0,0.0,0.0
angular_velocity_tracking_error,gamma_r_tran_L33,0.0,0.0,0.0,0.0
angular_velocity_tracking_error,gamma_theta_tran_L11,0.0,0.0,0.0,0.0
angular_velocity_tracking_error,gamma_theta_tran_L21,0.0,0.0,0.0,0.0
angular_velocity_tracking_error,gamma_theta_tran_L22,0.0,0.0,0.0,0.0
angular_velocity_tracking_error,gamma_theta_tran_L31,0.0,0.0,0.0,0.0
angular_velocity_tracking_error,gamma_theta_tran_L32,0.0,0.0,0.0,0.0
angular_velocity_tracking_error,gamma_theta_tran_L33,0.0,0.0,0.0,0.0
angular_velocity_tracking_error,gamma_theta_tran_L41,0.0,0.0,0.0,0.0
angular_velocity_tracking_error,gamma_theta_tran_L42,0.0,0.0,0.0,0.0
angular_velocity_tracking_error,gamma_theta_tran_L43,0.0,0.0,0.0,0.0
angular_velocity_tracking_error,gamma_theta_tran_L44,0.0,0.0,0.0,0.0
angular_velocity_tracking_error,gamma_theta_tran_L51,0.0,0.0,0.0,0.0
angular_velocity_tracking_error,gamma_theta_tran_L52,0.0,0.0,0.0,0.0
angular_velocity_tracking_error,gamma_theta_tran_L53,0.0,0.0,0.0,0.0
angular_velocity_tracking_error,gamma_theta_tran_L54,0.0,0.0,0.0,0.0
angular_velocity_tracking_error,gamma_theta_tran_L55,0.0,0.0,0.0,0.0
angular_velocity_tracking_error,gamma_theta_tran_L61,0.0,0.0,0.0,0.0
angular_velocity_tracking_error,gamma_theta_tran_L62,0.0,0.0,0.0,0.0
angular_velocity_tracking_error,gamma_theta_tran_L63,0.0,0.0,0.0,0.0
angular_velocity_tracking_error,gamma_theta_tran_L64,0.0,0.0,0.0,0.0
angular_velocity_tracking_error,gamma_theta_tran_L65,0.0,0.0,0.0,0.0
angular_velocity_tracking_error,gamma_theta_tran_L66,0.075,0.075,0.3354101966249688,0.13110433088021536
angular_velocity_tracking_error,gamma_x_rot_L11,0.0,0.0,0.0,0.0
angular_velocity_tracking_error,gamma_x_rot_L21,0.0,0.0,0.0,0.0
angular_velocity_tracking_error,gamma_x_rot_L22,0.0,0.0,0.0,0.0
angular_velocity_tracking_error,gamma_x_rot_L31,0.0,0.0,0.0,0.0
angular_velocity_tracking_error,gamma_x_rot_L32,0.0,0.0,0.0,0.0
angular_velocity_tracking_error,gamma_x_rot_L33,0.0,0.0,0.0,0.0
angular_velocity_tracking_error,gamma_r_rot_L11,0.0,0.0,0.0,0.0
angular_velocity_tracking_error,gamma_r_rot_L21,0.0,0.0,0.0,0.0
angular_velocity_tracking_error,gamma_r_rot_L22,0.0,0.0,0.0,0.0
angular_velocity_tracking_error,gamma_r_rot_L31,0.0,0.0,0.0,0.0
angular_velocity_tracking_error,gamma_r_rot_L32,0.0,0.0,0.0,0.0
angular_velocity_tracking_error,gamma_r_rot_L33,0.0,0.0,0.0,0.0
angular_velocity_tracking_error,gamma_theta_rot_L11,0.0,0.0,0.0,0.0
angular_velocity_tracking_error,gamma_theta_rot_L21,0.0,0.0,0.0,0.0
angular_velocity_tracking_error,gamma_theta_rot_L22,0.0,0.0,0.0,0.0
angular_velocity_tracking_error,gamma_theta_rot_L31,0.0,0.0,0.0,0.0
angular_velocity_tracking_error,gamma_theta_rot_L32,0.0,0.0,0.0,0.0
angular_velocity_tracking_error,gamma_theta_rot_L33,0.0,0.0,0.0,0.0
angular_velocity_tracking_error,gamma_theta_rot_L41,0.0,0.0,0.0,0.0
angular_velocity_tracking_error,gamma_theta_rot_L42,0.0,0.0,0.0,0.0
angular_velocity_tracking_error,gamma_theta_rot_L43,0.0,0.0,0.0,0.0
angular_velocity_tracking_error,gamma_theta_rot_L44,0.0,0.0,0.0,0.0
angular_velocity_tracking_error,gamma_theta_rot_L51,0.0,0.0,0.0,0.0
angular_velocity_tracking_error,gamma_theta_rot_L52,0.0,0.0,0.0,0.0
angular_velocity_tracking_error,gamma_theta_rot_L53,0.0,0.0,0.0,0.0
angular_velocity_tracking_error,gamma_theta_rot_L54,0.0,0.0,0.0,0.0
angular_velocity_tracking_error,gamma_theta_rot_L55,0.0,0.0,0.0,0.0
angular_velocity_tracking_error,gamma_theta_rot_L61,0.0,0.0,0.0,0.0
angular_velocity_tracking_error,gamma_theta_rot_L62,0.0,0.0,0.0,0.0
angular_velocity_tracking_error,gamma_theta_rot_L63,0.0,0.0,0.0,0.0
angular_velocity_tracking_error,gamma_theta_rot_L64,0.0,0.0,0.0,0.0
angular_velocity_tracking_error,gamma_theta_rot_L65,0.0,0.0,0.0,0.0
angular_velocity_tracking_error,gamma_theta_rot_L66,0.0,0.0,0.0,0.0
angular_velocity_tracking_error,q_tran_L11,0.0,0.0,0.0,0.0
angular_velocity_tracking_error,q_tran_L21,0.0,0.0,0.0,0.0
angular_velocity_tracking_error,q_tran_L22,0.0,0.0,0.0,0.0
angular_velocity_tracking_error,q_tran_L31,0.0,0.0,0.0,0.0
angular_velocity_tracking_error,q_tran_L32,0.0,0.0,0.0,0.0
angular_velocity_tracking_error,q_tran_L33,0.0,0.0,0.0,0.0
angular_velocity_tracking_error,q_tran_L41,0.0,0.0,0.0,0.0
angular_velocity_tracking_error,q_tran_L42,0.0,0.0,0.0,0.0
angular_velocity_tracking_error,q_tran_L43,0.0,0.0,0.0,0.0
angular_velocity_tracking_error,q_tran_L44,0.0,0.0,0.0,0.0
angular_velocity_tracking_error,q_tran_L51,0.0,0.0,0.0,0.0
angular_velocity_tracking_error,q_tran_L52,0.0,0.0,0.0,0.0
angular_velocity_tracking_error,q_tran_L53,0.0,0.0,0.0,0.0
angular_velocity_tracking_error,q_tran_L54,0.0,0.0,0.0,0.0
angular_velocity_tracking_error,q_tran_L55,0.0,0.0,0.0,0.0
angular_velocity_tracking_error,q_tran_L61,0.0,0.0,0.0,0.0
angular_velocity_tracking_error,q_tran_L62,0.0,0.0,0.0,0.0
angular_velocity_tracking_error,q_tran_L63,0.0,0.0,0.0,0.0
angular_velocity_tracking_error,q_tran_L64,0.0,0.0,0.0,0.0
angular_velocity_tracking_error,q_tran_L65,0.0,0.0,0.0,0.0
angular_velocity_tracking_error,q_tran_L66,-0.075,0.075,0.3354101966249688,0.12963101362513363
angular_velocity_tracking_error,q_rot_L11,0.0,0.0,0.0,0.0
angular_velocity_tracking_error,q_rot_L21,0.0,0.0,0.0,0.0
angular_velocity_tracking_error,q_rot_L22,0.0,0.0,0.0,0.0
angular_velocity_tracking_error,q_rot_L31,0.0,0.0,0.0,0.0
angular_velocity_tracking_error,q_rot_L32,0.0,0.0,0.0,0.0
angular_velocity_tracking_error,q_rot_L33,0.0,0.0,0.0,0.0
angular_velocity_tracking_error,K_P_omega_ref_1,0.0,0.0,0.0,0.0
angular_velocity_tracking_error,K_P_omega_ref_2,0.0,0.0,0.0,0.0
angular_velocity_tracking_error,K_P_omega_ref_3,0.0,0.0,0.0,0.0
angular_velocity_tracking_error,K_I_omega_ref_1,0.0,0.0,0.0,0.0
angular_velocity_tracking_error,K_I_omega_ref_2,0.0,0.0,0.0,0.0
angular_velocity_tracking_error,K_I_omega_ref_3,0.0,0.0,0.0,0.0
angular_velocity_tracking_error,sigma_x_tran,0.0,0.0,0.0,0.0
angular_velocity_tracking_error,sigma_r_tran,0.0,0.0,0.0,0.0
angular_velocity_tracking_error,sigma_Theta_tran,0.0,0.0,0.0,0.0
angular_velocity_tracking_error,sigma_x_rot,0.0,0.0,0.0,0.0
angular_velocity_tracking_error,sigma_r_rot,0.0,0.0,0.0,0.0
angular_velocity_tracking_error,sigma_Theta_rot,0.0,0.0,0.0,0.0
rotational_control_effort,gamma_x_tran_L11,0.0,0.0,0.0,0.0
rotational_control_effort,gamma_x_tran_L21,0.0,0.0,0.0,0.0
rotational_control_effort,gamma_x_tran_L22,-0.075,0.075,0.3354101966249685,0.14086321165272175
rotational_control_effort,gamma_x_tran_L31,0.0,0.0,0.0,0.0
rotational_control_effort,gamma_x_tran_L32,0.0,0.0,0.0,0.0
rotational_control_effort,gamma_x_tran_L33,-0.075,0.075,0.3354101966249686,0.14894436776699066
rotational_control_effort,gamma_x_tran_L41,0.0,0.0,0.0,0.0
rotational_control_effort,gamma_x_tran_L42,0.0,0.0,0.0,0.0
rotational_control_effort,gamma_x_tran_L43,0.0,0.0,0.0,0.0
rotational_control_effort,gamma_x_tran_L44,0.0,0.0,0.0,0.0
rotational_control_effort,gamma_x_tran_L51,0.075,0.075,0.3354101966249688,0.1627733166938101
rotational_control_effort,gamma_x_tran_L52,0.0,0.0,0.0,0.0
rotational_control_effort,gamma_x_tran_L53,0.0,0.0,0.0,0.0
rotational_control_effort,gamma_x_tran_L54,0.0,0.0,0.0,0.0
rotational_control_effort,gamma_x_tran_L55,-0.075,0.075,0.3354101966249688,0.160993583115599
rotational_control_effort,gamma_x_tran_L61,0.0,0.0,0.0,0.0
rotational_control_effort,gamma_x_tran_L62,0.0,0.0,0.0,0.0
rotational_control_effort,gamma_x_tran_L63,0.0,0.0,0.0,0.0
rotational_control_effort,gamma_x_tran_L64,0.0,0.0,0.0,0.0
rotational_control_effort,gamma_x_tran_L65,0.0,0.0,0.0,0.0
rotational_control_effort,gamma_x_tran_L66,0.0,0.0,0.0,0.0
rotational_control_effort,gamma_r_tran_L11,0.0,0.0,0.0,0.0
rotational_control_effort,gamma_r_tran_L21,0.0,0.0,0.0,0.0
rotational_control_effort,gamma_r_tran_L22,-0.075,0.075,0.3354101966249686,0.15564446565169715
rotational_control_effort,gamma_r_tran_L31,0.0,0.0,0.0,0.0
rotational_control_effort,gamma_r_tran_L32,0.0,0.0,0.0,0.0
rotational_control_effort,gamma_r_tran_L33,0.0,0.0,0.0,0.0
rotational_control_effort,gamma_theta_tran_L11,0.0,0.0,0.0,0.0
rotational_control_effort,gamma_theta_tran_L21,0.0,0.0,0.0,0.0
rotational_control_effort,gamma_theta_tran_L22,0.0,0.0,0.0,0.0
rotational_control_effort,gamma_theta_tran_L31,0.0,0.0,0.0,0.0
rotational_control_effort,gamma_theta_tran_L32,0.0,0.0,0.0,0.0
rotational_control_effort,gamma_theta_tran_L33,0.0,0.0,0.0,0.0
rotational_control_effort,gamma_theta_tran_L41,0.0,0.0,0.0,0.0
rotational_control_effort,gamma_theta_tran_L42,0.0,0.0,0.0,0.0
rotational_control_effort,gamma_theta_tran_L43,0.0,0.0,0.0,0.0
rotational_control_effort,gamma_theta_tran_L44,0.0,0.0,0.0,0.0
rotational_control_effort,gamma_theta_tran_L51,0.0,0.0,0.0,0.0
rotational_control_effort,gamma_theta_tran_L52,0.0,0.0,0.0,0.0
rotational_control_effort,gamma_theta_tran_L53,0.0,0.0,0.0,0.0
rotational_control_effort,gamma_theta_tran_L54,0.0,0.0,0.0,0.0
rotational_control_effort,gamma_theta_tran_L55,0.0,0.0,0.0,0.0
rotational_control_effort,gamma_theta_tran_L61,0.0,0.0,0.0,0.0
rotational_control_effort,gamma_theta_tran_L62,0.0,0.0,0.0,0.0
rotational_control_effort,gamma_theta_tran_L63,0.0,0.0,0.0,0.0
rotational_control_effort,gamma_theta_tran_L64,0.0,0.0,0.0,0.0
rotational_control_effort,gamma_theta_tran_L65,0.0,0.0,0.0,0.0
rotational_control_effort,gamma_theta_tran_L66,0.075,0.075,0.3354101966249688,0.12773130686195913
rotational_control_effort,gamma_x_rot_L11,0.0,0.0,0.0,0.0
rotational_control_effort,gamma_x_rot_L21,0.0,0.0,0.0,0.0
rotational_control_effort,gamma_x_rot_L22,0.0,0.0,0.0,0.0
rotational_control_effort,gamma_x_rot_L31,0.0,0.0,0.0,0.0
rotational_control_effort,gamma_x_rot_L32,0.0,0.0,0.0,0.0
rotational_control_effort,gamma_x_rot_L33,0.0,0.0,0.0,0.0
rotational_control_effort,gamma_r_rot_L11,0.0,0.0,0.0,0.0
rotational_control_effort,gamma_r_rot_L21,0.0,0.0,0.0,0.0
rotational_control_effort,gamma_r_rot_L22,0.0,0.0,0.0,0.0
rotational_control_effort,gamma_r_rot_L31,0.0,0.0,0.0,0.0
rotational_control_effort,gamma_r_rot_L32,0.0,0.0,0.0,0.0
rotational_control_effort,gamma_r_rot_L33,0.0,0.0,0.0,0.0
rotational_control_effort,gamma_theta_rot_L11,0.0,0.0,0.0,0.0
rotational_control_effort,gamma_theta_rot_L21,0.0,0.0,0.0,0.0
rotational_control_effort,gamma_theta_rot_L22,0.0,0.0,0.0,0.0
rotational_control_effort,gamma_theta_rot_L31,0.0,0.0,0.0,0.0
rotational_control_effort,gamma_theta_rot_L32,0.0,0.0,0.0,0.0
rotational_control_effort,gamma_theta_rot_L33,0.0,0.0,0.0,0.0
rotational_control_effort,gamma_theta_rot_L41,0.0,0.0,0.0,0.0
rotational_control_effort,gamma_theta_rot_L42,0.0,0.0,0.0,0.0
rotational_control_effort,gamma_theta_rot_L43,0.0,0.0,0.0,0.0
rotational_control_effort,gamma_theta_rot_L44,0.0,0.0,0.0,0.0
rotational_control_effort,gamma_theta_rot_L51,0.0,0.0,0.0,0.0
rotational_control_effort,gamma_theta_rot_L52,0.0,0.0,0.0,0.0
rotational_control_effort,gamma_theta_rot_L53,0.0,0.0,0.0,0.0
rotational_control_effort,gamma_theta_rot_L54,0.0,0.0,0.0,0.0
rotational_control_effort,gamma_theta_rot_L55,0.0,0.0,0.0,0.0
rotational_control_effort,gamma_theta_rot_L61,0.0,0.0,0.0,0.0
rotational_control_effort,gamma_theta_rot_L62,0.0,0.0,0.0,0.0
rotational_control_effort,gamma_theta_rot_L63,0.0,0.0,0.0,0.0
rotational_control_effort,gamma_theta_rot_L64,0.0,0.0,0.0,0.0
rotational_control_effort,gamma_theta_rot_L65,0.0,0.0,0.0,0.0
rotational_control_effort,gamma_theta_rot_L66,0.0,0.0,0.0,0.0
rotational_control_effort,q_tran_L11,0.0,0.0,0.0,0.0
rotational_control_effort,q_tran_L21,0.0,0.0,0.0,0.0
rotational_control_effort,q_tran_L22,0.0,0.0,0.0,0.0
rotational_control_effort,q_tran_L31,0.0,0.0,0.0,0.0
rotational_control_effort,q_tran_L32,0.0,0.0,0.0,0.0
rotational_control_effort,q_tran_L33,0.0,0.0,0.0,0.0
rotational_control_effort,q_tran_L41,0.0,0.0,0.0,0.0
rotational_control_effort,q_tran_L42,0.0,0.0,0.0,0.0
rotational_control_effort,q_tran_L43,0.0,0.0,0.0,0.0
rotational_control_effort,q_tran_L44,0.0,0.0,0.0,0.0
rotational_control_effort,q_tran_L51,0.0,0.0,0.0,0.0
rotational_control_effort,q_tran_L52,0.0,0.0,0.0,0.0
rotational_control_effort,q_tran_L53,0.0,0.0,0.0,0.0
rotational_control_effort,q_tran_L54,0.0,0.0,0.0,0.0
rotational_control_effort,q_tran_L55,0.0,0.0,0.0,0.0
rotational_control_effort,q_tran_L61,0.0,0.0,0.0,0.0
rotational_control_effort,q_tran_L62,0.0,0.0,0.0,0.0
rotational_control_effort,q_tran_L63,0.0,0.0,0.0,0.0
rotational_control_effort,q_tran_L64,0.0,0.0,0.0,0.0
rotational_control_effort,q_tran_L65,0.0,0.0,0.0,0.0
rotational_control_effort,q_tran_L66,-0.075,0.075,0.3354101966249688,0.13760255528629928
rotational_control_effort,q_rot_L11,0.0,0.0,0.0,0.0
rotational_control_effort,q_rot_L21,0.0,0.0,0.0,0.0
rotational_control_effort,q_rot_L22,0.0,0.0,0.0,0.0
rotational_control_effort,q_rot_L31,0.0,0.0,0.0,0.0
rotational_control_effort,q_rot_L32,0.0,0.0,0.0,0.0
rotational_control_effort,q_rot_L33,0.0,0.0,0.0,0.0
rotational_control_effort,K_P_omega_ref_1,0.0,0.0,0.0,0.0
rotational_control_effort,K_P_omega_ref_2,0.0,0.0,0.0,0.0
rotational_control_effort,K_P_omega_ref_3,0.0,0.0,0.0,0.0
rotational_control_effort,K_I_omega_ref_1,0.0,0.0,0.0,0.0
rotational_control_effort,K_I_omega_ref_2,0.0,0.0,0.0,0.0
rotational_control_effort,K_I_omega_ref_3,0.0,0.0,0.0,0.0
rotational_control_effort,sigma_x_tran,0.0,0.0,0.0,0.0
rotational_control_effort,sigma_r_tran,0.0,0.0,0.0,0.0
rotational_control_effort,sigma_Theta_tran,0.0,0.0,0.0,0.0
rotational_control_effort,sigma_x_rot,0.0,0.0,0.0,0.0
rotational_control_effort,sigma_r_rot,0.0,0.0,0.0,0.0
rotational_control_effort,sigma_Theta_rot,0.0,0.0,0.0,0.0
position_error,gamma_x_tran_L11,0.0,0.0,0.0,0.0
position_error,gamma_x_tran_L21,0.0,0.0,0.0,0.0
position_error,gamma_x_tran_L22,-0.075,0.075,0.3354101966249685,0.15350523648940098
position_error,gamma_x_tran_L31,0.0,0.0,0.0,0.0
position_error,gamma_x_tran_L32,0.0,0.0,0.0,0.0
position_error,gamma_x_tran_L33,-0.075,0.075,0.3354101966249686,0.1399928138395385
position_error,gamma_x_tran_L41,0.0,0.0,0.0,0.0
position_error,gamma_x_tran_L42,0.0,0.0,0.0,0.0
position_error,gamma_x_tran_L43,0.0,0.0,0.0,0.0
position_error,gamma_x_tran_L44,0.0,0.0,0.0,0.0
position_error,gamma_x_tran_L51,0.075,0.075,0.3354101966249688,0.11987722145882249
position_error,gamma_x_tran_L52,0.0,0.0,0.0,0.0
position_error,gamma_x_tran_L53,0.0,0.0,0.0,0.0
position_error,gamma_x_tran_L54,0.0,0.0,0.0,0.0
position_error,gamma_x_tran_L55,-0.075,0.075,0.3354101966249688,0.14598412881756545
position_error,gamma_x_tran_L61,0.0,0.0,0.0,0.0
position_error,gamma_x_tran_L62,0.0,0.0,0.0,0.0
position_error,gamma_x_tran_L63,0.0,0.0,0.0,0.0
position_error,gamma_x_tran_L64,0.0,0.0,0.0,0.0
position_error,gamma_x_tran_L65,0.0,0.0,0.0,0.0
position_error,gamma_x_tran_L66,0.0,0.0,0.0,0.0
position_error,gamma_r_tran_L11,0.0,0.0,0.0,0.0
position_error,gamma_r_tran_L21,0.0,0.0,0.0,0.0
position_error,gamma_r_tran_L22,-0.075,0.075,0.3354101966249686,0.12848946392897703
position_error,gamma_r_tran_L31,0.0,0.0,0.0,0.0
position_error,gamma_r_tran_L32,0.0,0.0,0.0,0.0
position_error,gamma_r_tran_L33,0.0,0.0,0.0,0.0
position_error,gamma_theta_tran_L11,0.0,0.0,0.0,0.0
position_error,gamma_theta_tran_L21,0.0,0.0,0.0,0.0
position_error,gamma_theta_tran_L22,0.0,0.0,0.0,0.0
position_error,gamma_theta_tran_L31,0.0,0.0,0.0,0.0
position_error,gamma_theta_tran_L32,0.0,0.0,0.0,0.0
position_error,gamma_theta_tran_L33,0.0,0.0,0.0,0.0
position_error,gamma_theta_tran_L41,0.0,0.0,0.0,0.0
position_error,gamma_theta_tran_L42,0.0,0.0,0.0,0.0
position_error,gamma_theta_tran_L43,0.0,0.0,0.0,0.0
position_error,gamma_theta_tran_L44,0.0,0.0,0.0,0.0
position_error,gamma_theta_tran_L51,0.0,0.0,0.0,0.0
position_error,gamma_theta_tran_L52,0.0,0.0,0.0,0.0
position_error,gamma_theta_tran_L53,0.0,0.0,0.0,0.0
position_error,gamma_theta_tran_L54,0.0,0.0,0.0,0.0
position_error,gamma_theta_tran_L55,0.0,0.0,0.0,0.0
position_error,gamma_theta_tran_L61,0.0,0.0,0.0,0.0
position_error,gamma_theta_tran_L62,0.0,0.0,0.0,0.0
position_error,gamma_theta_tran_L63,0.0,0.0,0.0,0.0
position_error,gamma_theta_tran_L64,0.0,0.0,0.0,0.0
position_error,gamma_theta_tran_L65,0.0,0.0,0.0,0.0
position_error,gamma_theta_tran_L66,0.075,0.075,0.3354101966249688,0.15859642078974442
position_error,gamma_x_rot_L11,0.0,0.0,0.0,0.0
position_error,gamma_x_rot_L21,0.0,0.0,0.0,0.0
position_error,gamma_x_rot_L22,0.0,0.0,0.0,0.0
position_error,gamma_x_rot_L31,0.0,0.0,0.0,0.0
position_error,gamma_x_rot_L32,0.0,0.0,0.0,0.0
position_error,gamma_x_rot_L33,0.0,0.0,0.0,0.0
position_error,gamma_r_rot_L11,0.0,0.0,0.0,0.0
position_error,gamma_r_rot_L21,0.0,0.0,0.0,0.0
position_error,gamma_r_rot_L22,0.0,0.0,0.0,0.0
position_error,gamma_r_rot_L31,0.0,0.0,0.0,0.0
position_error,gamma_r_rot_L32,0.0,0.0,0.0,0.0
position_error,gamma_r_rot_L33,0.0,0.0,0.0,0.0
position_error,gamma_theta_rot_L11,0.0,0.0,0.0,0.0
position_error,gamma_theta_rot_L21,0.0,0.0,0.0,0.0
position_error,gamma_theta_rot_L22,0.0,0.0,0.0,0.0
position_error,gamma_theta_rot_L31,0.0,0.0,0.0,0.0
position_error,gamma_theta_rot_L32,0.0,0.0,0.0,0.0
position_error,gamma_theta_rot_L33,0.0,0.0,0.0,0.0
position_error,gamma_theta_rot_L41,0.0,0.0,0.0,0.0
position_error,gamma_theta_rot_L42,0.0,0.0,0.0,0.0
position_error,gamma_theta_rot_L43,0.0,0.0,0.0,0.0
position_error,gamma_theta_rot_L44,0.0,0.0,0.0,0.0
position_error,gamma_theta_rot_L51,0.0,0.0,0.0,0.0
position_error,gamma_theta_rot_L52,0.0,0.0,0.0,0.0
position_error,gamma_theta_rot_L53,0.0,0.0,0.0,0.0
position_error,gamma_theta_rot_L54,0.0,0.0,0.0,0.0
position_error,gamma_theta_rot_L55,0.0,0.0,0.0,0.0
position_error,gamma_theta_rot_L61,0.0,0.0,0.0,0.0
position_error,gamma_theta_rot_L62,0.0,0.0,0.0,0.0
position_error,gamma_theta_rot_L63,0.0,0.0,0.0,0.0
position_error,gamma_theta_rot_L64,0.0,0.0,0.0,0.0
position_error,gamma_theta_rot_L65,0.0,0.0,0.0,0.0
position_error,gamma_theta_rot_L66,0.0,0.0,0.0,0.0
position_error,q_tran_L11,0.0,0.0,0.0,0.0
position_error,q_tran_L21,0.0,0.0,0.0,0.0
position_error,q_tran_L22,0.0,0.0,0.0,0.0
position_error,q_tran_L31,0.0,0.0,0.0,0.0
position_error,q_tran_L32,0.0,0.0,0.0,0.0
position_error,q_tran_L33,0.0,0.0,0.0,0.0
position_error,q_tran_L41,0.0,0.0,0.0,0.0
position_error,q_tran_L42,0.0,0.0,0.0,0.0
position_error,q_tran_L43,0.0,0.0,0.0,0.0
position_error,q_tran_L44,0.0,0.0,0.0,0.0
position_error,q_tran_L51,0.0,0.0,0.0,0.0
position_error,q_tran_L52,0.0,0.0,0.0,0.0
position_error,q_tran_L53,0.0,0.0,0.0,0.0
position_error,q_tran_L54,0.0,0.0,0.0,0.0
position_error,q_tran_L55,0.0,0.0,0.0,0.0
position_error,q_tran_L61,0.0,0.0,0.0,0.0
position_error,q_tran_L62,0.0,0.0,0.0,0.0
position_error,q_tran_L63,0.0,0.0,0.0,0.0
position_error,q_tran_L64,0.0,0.0,0.0,0.0
position_error,q_tran_L65,0.0,0.0,0.0,0.0
position_error,q_tran_L66,-0.075,0.075,0.3354101966249688,0.14938334416172816
position_error,q_rot_L11,0.0,0.0,0.0,0.0
position_error,q_rot_L21,0.0,0.0,0.0,0.0
position_error,q_rot_L22,0.0,0.0,0.0,0.0
position_error,q_rot_L31,0.0,0.0,0.0,0.0
position_error,q_rot_L32,0.0,0.0,0.0,0.0
position_error,q_rot_L33,0.0,0.0,0.0,0.0
position_error,K_P_omega_ref_1,0.0,0.0,0.0,0.0
position_error,K_P_omega_ref_2,0.0,0.0,0.0,0.0
position_error,K_P_omega_ref_3,0.0,0.0,0.0,0.0
position_error,K_I_omega_ref_1,0.0,0.0,0.0,0.0
position_error,K_I_omega_ref_2,0.0,0.0,0.0,0.0
position_error,K_I_omega_ref_3,0.0,0.0,0.0,0.0
position_error,sigma_x_tran,0.0,0.0,0.0,0.0
position_error,sigma_r_tran,0.0,0.0,0.0,0.0
position_error,sigma_Theta_tran,0.0,0.0,0.0,0.0
position_error,sigma_x_rot,0.0,0.0,0.0,0.0
position_error,sigma_r_rot,0.0,0.0,0.0,0.0
position_error,sigma_Theta_rot,0.0,0.0,0.0,0.0
velocity_error,gamma_x_tran_L11,0.0,0.0,0.0,0.0
velocity_error,gamma_x_tran_L21,0.0,0.0,0.0,0.0
velocity_error,gamma_x_tran_L22,-0.075,0.075,0.3354101966249685,0.14622315333918343
velocity_error,gamma_x_tran_L31,0.0,0.0,0.0,0.0
velocity_error,gamma_x_tran_L32,0.0,0.0,0.0,0.0
velocity_error,gamma_x_tran_L33,-0.075,0.075,0.3354101966249686,0.1401252758308946
velocity_error,gamma_x_tran_L41,0.0,0.0,0.0,0.0
velocity_error,gamma_x_tran_L42,0.0,0.0,0.0,0.0
velocity_error,gamma_x_tran_L43,0.0,0.0,0.0,0.0
velocity_error,gamma_x_tran_L44,0.0,0.0,0.0,0.0
velocity_error,gamma_x_tran_L51,0.075,0.075,0.3354101966249688,0.12653813184851204
velocity_error,gamma_x_tran_L52,0.0,0.0,0.0,0.0
velocity_error,gamma_x_tran_L53,0.0,0.0,0.0,0.0
velocity_error,gamma_x_tran_L54,0.0,0.0,0.0,0.0
velocity_error,gamma_x_tran_L55,-0.075,0.075,0.3354101966249688,0.15492058301306974
velocity_error,gamma_x_tran_L61,0.0,0.0,0.0,0.0
velocity_error,gamma_x_tran_L62,0.0,0.0,0.0,0.0
velocity_error,gamma_x_tran_L63,0.0,0.0,0.0,0.0
velocity_error,gamma_x_tran_L64,0.0,0.0,0.0,0.0
velocity_error,gamma_x_tran_L65,0.0,0.0,0.0,0.0
velocity_error,gamma_x_tran_L66,0.0,0.0,0.0,0.0
velocity_error,gamma_r_tran_L11,0.0,0.0,0.0,0.0
velocity_error,gamma_r_tran_L21,0.0,0.0,0.0,0.0
velocity_error,gamma_r_tran_L22,-0.075,0.075,0.3354101966249686,0.14472277347056278
velocity_error,gamma_r_tran_L31,0.0,0.0,0.0,0.0
velocity_error,gamma_r_tran_L32,0.0,0.0,0.0,0.0
velocity_error,gamma_r_tran_L33,0.0,0.0,0.0,0.0
velocity_error,gamma_theta_tran_L11,0.0,0.0,0.0,0.0
velocity_error,gamma_theta_tran_L21,0.0,0.0,0.0,0.0
velocity_error,gamma_theta_tran_L22,0.0,0.0,0.0,0.0
velocity_error,gamma_theta_tran_L31,0.0,0.0,0.0,0.0
velocity_error,gamma_theta_tran_L32,0.0,0.0,0.0,0.0
velocity_error,gamma_theta_tran_L33,0.0,0.0,0.0,0.0
velocity_error,gamma_theta_tran_L41,0.0,0.0,0.0,0.0
velocity_error,gamma_theta_tran_L42,0.0,0.0,0.0,0.0
velocity_error,gamma_theta_tran_L43,0.0,0.0,0.0,0.0
velocity_error,gamma_theta_tran_L44,0.0,0.0,0.0,0.0
velocity_error,gamma_theta_tran_L51,0.0,0.0,0.0,0.0
velocity_error,gamma_theta_tran_L52,0.0,0.0,0.0,0.0
velocity_error,gamma_theta_tran_L53,0.0,0.0,0.0,0.0
velocity_error,gamma_theta_tran_L54,0.0,0.0,0.0,0.0
velocity_error,gamma_theta_tran_L55,0.0,0.0,0.0,0.0
velocity_error,gamma_theta_tran_L61,0.0,0.0,0.0,0.0
velocity_error,gamma_theta_tran_L62,0.0,0.0,0.0,0.0
velocity_error,gamma_theta_tran_L63,0.0,0.0,0.0,0.0
velocity_error,gamma_theta_tran_L64,0.0,0.0,0.0,0.0
velocity_error,gamma_theta_tran_L65,0.0,0.0,0.0,0.0
velocity_error,gamma_theta_tran_L66,0.075,0.075,0.3354101966249688,0.1497554623807064
velocity_error,gamma_x_rot_L11,0.0,0.0,0.0,0.0
velocity_error,gamma_x_rot_L21,0.0,0.0,0.0,0.0
velocity_error,gamma_x_rot_L22,0.0,0.0,0.0,0.0
velocity_error,gamma_x_rot_L31,0.0,0.0,0.0,0.0
velocity_error,gamma_x_rot_L32,0.0,0.0,0.0,0.0
velocity_error,gamma_x_rot_L33,0.0,0.0,0.0,0.0
velocity_error,gamma_r_rot_L11,0.0,0.0,0.0,0.0
velocity_error,gamma_r_rot_L21,0.0,0.0,0.0,0.0
velocity_error,gamma_r_rot_L22,0.0,0.0,0.0,0.0
velocity_error,gamma_r_rot_L31,0.0,0.0,0.0,0.0
velocity_error,gamma_r_rot_L32,0.0,0.0,0.0,0.0
velocity_error,gamma_r_rot_L33,0.0,0.0,0.0,0.0
velocity_error,gamma_theta_rot_L11,0.0,0.0,0.0,0.0
velocity_error,gamma_theta_rot_L21,0.0,0.0,0.0,0.0
velocity_error,gamma_theta_rot_L22,0.0,0.0,0.0,0.0
velocity_error,gamma_theta_rot_L31,0.0,0.0,0.0,0.0
velocity_error,gamma_theta_rot_L32,0.0,0.0,0.0,0.0
velocity_error,gamma_theta_rot_L33,0.0,0.0,0.0,0.0
velocity_error,gamma_theta_rot_L41,0.0,0.0,0.0,0.0
velocity_error,gamma_theta_rot_L42,0.0,0.0,0.0,0.0
velocity_error,gamma_theta_rot_L43,0.0,0.0,0.0,0.0
velocity_error,gamma_theta_rot_L44,0.0,0.0,0.0,0.0
velocity_error,gamma_theta_rot_L51,0.0,0.0,0.0,0.0
velocity_error,gamma_theta_rot_L52,0.0,0.0,0.0,0.0
velocity_error,gamma_theta_rot_L53,0.0,0.0,0.0,0.0
velocity_error,gamma_theta_rot_L54,0.0,0.0,0.0,0.0
velocity_error,gamma_theta_rot_L55,0.0,0.0,0.0,0.0
velocity_error,gamma_theta_rot_L61,0.0,0.0,0.0,0.0
velocity_error,gamma_theta_rot_L62,0.0,0.0,0.0,0.0
velocity_error,gamma_theta_rot_L63,0.0,0.0,0.0,0.0
velocity_error,gamma_theta_rot_L64,0.0,0.0,0.0,0.0
velocity_error,gamma_theta_rot_L65,0.0,0.0,0.0,0.0
velocity_error,gamma_theta_rot_L66,0.0,0.0,0.0,0.0
velocity_error,q_tran_L11,0.0,0.0,0.0,0.0
velocity_error,q_tran_L21,0.0,0.0,0.0,0.0
velocity_error,q_tran_L22,0.0,0.0,0.0,0.0
velocity_error,q_tran_L31,0.0,0.0,0.0,0.0
velocity_error,q_tran_L32,0.0,0.0,0.0,0.0
velocity_error,q_tran_L33,0.0,0.0,0.0,0.0
velocity_error,q_tran_L41,0.0,0.0,0.0,0.0
velocity_error,q_tran_L42,0.0,0.0,0.0,0.0
velocity_error,q_tran_L43,0.0,0.0,0.0,0.0
velocity_error,q_tran_L44,0.0,0.0,0.0,0.0
velocity_error,q_tran_L51,0.0,0.0,0.0,0.0
velocity_error,q_tran_L52,0.0,0.0,0.0,0.0
velocity_error,q_tran_L53,0.0,0.0,0.0,0.0
velocity_error,q_tran_L54,0.0,0.0,0.0,0.0
velocity_error,q_tran_L55,0.0,0.0,0.0,0.0
velocity_error,q_tran_L61,0.0,0.0,0.0,0.0
velocity_error,q_tran_L62,0.0,0.0,0.0,0.0
velocity_error,q_tran_L63,0.0,0.0,0.0,0.0
velocity_error,q_tran_L64,0.0,0.0,0.0,0.0
velocity_error,q_tran_L65,0.0,0.0,0.0,0.0
velocity_error,q_tran_L66,-0.075,0.075,0.3354101966249688,0.14747167618924678
velocity_error,q_rot_L11,0.0,0.0,0.0,0.0
velocity_error,q_rot_L21,0.0,0.0,0.0,0.0
velocity_error,q_rot_L22,0.0,0.0,0.0,0.0
velocity_error,q_rot_L31,0.0,0.0,0.0,0.0
velocity_error,q_rot_L32,0.0,0.0,0.0,0.0
velocity_error,q_rot_L33,0.0,0.0,0.0,0.0
velocity_error,K_P_omega_ref_1,0.0,0.0,0.0,0.0
velocity_error,K_P_omega_ref_2,0.0,0.0,0.0,0.0
velocity_error,K_P_omega_ref_3,0.0,0.0,0.0,0.0
velocity_error,K_I_omega_ref_1,0.0,0.0,0.0,0.0
velocity_error,K_I_omega_ref_2,0.0,0.0,0.0,0.0
velocity_error,K_I_omega_ref_3,0.0,0.0,0.0,0.0
velocity_error,sigma_x_tran,0.0,0.0,0.0,0.0
velocity_error,sigma_r_tran,0.0,0.0,0.0,0.0
velocity_error,sigma_Theta_tran,0.0,0.0,0.0,0.0
velocity_error,sigma_x_rot,0.0,0.0,0.0,0.0
velocity_error,sigma_r_rot,0.0,0.0,0.0,0.0
velocity_error,sigma_Theta_rot,0.0,0.0,0.0,0.0
translational_control_effort,gamma_x_tran_L11,0.0,0.0,0.0,0.0
translational_control_effort,gamma_x_tran_L21,0.0,0.0,0.0,0.0
translational_control_effort,gamma_x_tran_L22,-0.075,0.075,0.3354101966249685,0.13110433088021536
translational_control_effort,gamma_x_tran_L31,0.0,0.0,0.0,0.0
translational_control_effort,gamma_x_tran_L32,0.0,0.0,0.0,0.0
translational_control_effort,gamma_x_tran_L33,-0.075,0.075,0.3354101966249686,0.12092863715152101
translational_control_effort,gamma_x_tran_L41,0.0,0.0,0.0,0.0
translational_control_effort,gamma_x_tran_L42,0.0,0.0,0.0,0.0
translational_control_effort,gamma_x_tran_L43,0.0,0.0,0.0,0.0
translational_control_effort,gamma_x_tran_L44,0.0,0.0,0.0,0.0
translational_control_effort,gamma_x_tran_L51,0.075,0.075,0.3354101966249688,0.12532489067899344
translational_control_effort,gamma_x_tran_L52,0.0,0.0,0.0,0.0
translational_control_effort,gamma_x_tran_L53,0.0,0.0,0.0,0.0
translational_control_effort,gamma_x_tran_L54,0.0,0.0,0.0,0.0
translational_control_effort,gamma_x_tran_L55,-0.075,0.075,0.3354101966249688,0.15480078178464352
translational_control_effort,gamma_x_tran_L61,0.0,0.0,0.0,0.0
translational_control_effort,gamma_x_tran_L62,0.0,0.0,0.0,0.0
translational_control_effort,gamma_x_tran_L63,0.0,0.0,0.0,0.0
translational_control_effort,gamma_x_tran_L64,0.0,0.0,0.0,0.0
translational_control_effort,gamma_x_tran_L65,0.0,0.0,0.0,0.0
translational_control_effort,gamma_x_tran_L66,0.0,0.0,0.0,0.0
translational_control_effort,gamma_r_tran_L11,0.0,0.0,0.0,0.0
translational_control_effort,gamma_r_tran_L21,0.0,0.0,0.0,0.0
translational_control_effort,gamma_r_tran_L22,-0.075,0.075,0.3354101966249686,0.1399928138395385
translational_control_effort,gamma_r_tran_L31,0.0,0.0,0.0,0.0
translational_control_effort,gamma_r_tran_L32,0.0,0.0,0.0,0.0
translational_control_effort,gamma_r_tran_L33,0.0,0.0,0.0,0.0
translational_control_effort,gamma_theta_tran_L11,0.0,0.0,0.0,0.0
translational_control_effort,gamma_theta_tran_L21,0.0,0.0,0.0,0.0
translational_control_effort,gamma_theta_tran_L22,0.0,0.0,0.0,0.0
translational_control_effort,gamma_theta_tran_L31,0.0,0.0,0.0,0.0
translational_control_effort,gamma_theta_tran_L32,0.0,0.0,0.0,0.0
translational_control_effort,gamma_theta_tran_L33,0.0,0.0,0.0,0.0
translational_control_effort,gamma_theta_tran_L41,0.0,0.0,0.0,0.0
translational_control_effort,gamma_theta_tran_L42,0.0,0.0,0.0,0.0
translational_control_effort,gamma_theta_tran_L43,0.0,0.0,0.0,0.0
translational_control_effort,gamma_theta_tran_L44,0.0,0.0,0.0,0.0
translational_control_effort,gamma_theta_tran_L51,0.0,0.0,0.0,0.0
translational_control_effort,gamma_theta_tran_L52,0.0,0.0,0.0,0.0
translational_control_effort,gamma_theta_tran_L53,0.0,0.0,0.0,0.0
translational_control_effort,gamma_theta_tran_L54,0.0,0.0,0.0,0.0
translational_control_effort,gamma_theta_tran_L55,0.0,0.0,0.0,0.0
translational_control_effort,gamma_theta_tran_L61,0.0,0.0,0.0,0.0
translational_control_effort,gamma_theta_tran_L62,0.0,0.0,0.0,0.0
translational_control_effort,gamma_theta_tran_L63,0.0,0.0,0.0,0.0
translational_control_effort,gamma_theta_tran_L64,0.0,0.0,0.0,0.0
translational_control_effort,gamma_theta_tran_L65,0.0,0.0,0.0,0.0
translational_control_effort,gamma_theta_tran_L66,0.075,0.075,0.3354101966249688,0.13495186936601394
translational_control_effort,gamma_x_rot_L11,0.0,0.0,0.0,0.0
translational_control_effort,gamma_x_rot_L21,0.0,0.0,0.0,0.0
translational_control_effort,gamma_x_rot_L22,0.0,0.0,0.0,0.0
translational_control_effort,gamma_x_rot_L31,0.0,0.0,0.0,0.0
translational_control_effort,gamma_x_rot_L32,0.0,0.0,0.0,0.0
translational_control_effort,gamma_x_rot_L33,0.0,0.0,0.0,0.0
translational_control_effort,gamma_r_rot_L11,0.0,0.0,0.0,0.0
translational_control_effort,gamma_r_rot_L21,0.0,0.0,0.0,0.0
translational_control_effort,gamma_r_rot_L22,0.0,0.0,0.0,0.0
translational_control_effort,gamma_r_rot_L31,0.0,0.0,0.0,0.0
translational_control_effort,gamma_r_rot_L32,0.0,0.0,0.0,0.0
translational_control_effort,gamma_r_rot_L33,0.0,0.0,0.0,0.0
translational_control_effort,gamma_theta_rot_L11,0.0,0.0,0.0,0.0
translational_control_effort,gamma_theta_rot_L21,0.0,0.0,0.0,0.0
translational_control_effort,gamma_theta_rot_L22,0.0,0.0,0.0,0.0
translational_control_effort,gamma_theta_rot_L31,0.0,0.0,0.0,0.0
translational_control_effort,gamma_theta_rot_L32,0.0,0.0,0.0,0.0
translational_control_effort,gamma_theta_rot_L33,0.0,0.0,0.0,0.0
translational_control_effort,gamma_theta_rot_L41,0.0,0.0,0.0,0.0
translational_control_effort,gamma_theta_rot_L42,0.0,0.0,0.0,0.0
translational_control_effort,gamma_theta_rot_L43,0.0,0.0,0.0,0.0
translational_control_effort,gamma_theta_rot_L44,0.0,0.0,0.0,0.0
translational_control_effort,gamma_theta_rot_L51,0.0,0.0,0.0,0.0
translational_control_effort,gamma_theta_rot_L52,0.0,0.0,0.0,0.0
translational_control_effort,gamma_theta_rot_L53,0.0,0.0,0.0,0.0
translational_control_effort,gamma_theta_rot_L54,0.0,0.0,0.0,0.0
translational_control_effort,gamma_theta_rot_L55,0.0,0.0,0.0,0.0
translational_control_effort,gamma_theta_rot_L61,0.0,0.0,0.0,0.0
translational_control_effort,gamma_theta_rot_L62,0.0,0.0,0.0,0.0
translational_control_effort,gamma_theta_rot_L63,0.0,0.0,0.0,0.0
translational_control_effort,gamma_theta_rot_L64,0.0,0.0,0.0,0.0
translational_control_effort,gamma_theta_rot_L65,0.0,0.0,0.0,0.0
translational_control_effort,gamma_theta_rot_L66,0.0,0.0,0.0,0.0
translational_control_effort,q_tran_L11,0.0,0.0,0.0,0.0
translational_control_effort,q_tran_L21,0.0,0.0,0.0,0.0
translational_control_effort,q_tran_L22,0.0,0.0,0.0,0.0
translational_control_effort,q_tran_L31,0.0,0.0,0.0,0.0
translational_control_effort,q_tran_L32,0.0,0.0,0.0,0.0
translational_control_effort,q_tran_L33,0.0,0.0,0.0,0.0
translational_control_effort,q_tran_L41,0.0,0.0,0.0,0.0
translational_control_effort,q_tran_L42,0.0,0.0,0.0,0.0
translational_control_effort,q_tran_L43,0.0,0.0,0.0,0.0
translational_control_effort,q_tran_L44,0.0,0.0,0.0,0.0
translational_control_effort,q_tran_L51,0.0,0.0,0.0,0.0
translational_control_effort,q_tran_L52,0.0,0.0,0.0,0.0
translational_control_effort,q_tran_L53,0.0,0.0,0.0,0.0
translational_control_effort,q_tran_L54,0.0,0.0,0.0,0.0
translational_control_effort,q_tran_L55,0.0,0.0,0.0,0.0
translational_control_effort,q_tran_L61,0.0,0.0,0.0,0.0
translational_control_effort,q_tran_L62,0.0,0.0,0.0,0.0
translational_control_effort,q_tran_L63,0.0,0.0,0.0,0.0
translational_control_effort,q_tran_L64,0.0,0.0,0.0,0.0
translational_control_effort,q_tran_L65,0.0,0.0,0.0,0.0
translational_control_effort,q_tran_L66,-0.075,0.075,0.3354101966249688,0.1594679305176551
translational_control_effort,q_rot_L11,0.0,0.0,0.0,0.0
translational_control_effort,q_rot_L21,0.0,0.0,0.0,0.0
translational_control_effort,q_rot_L22,0.0,0.0,0.0,0.0
translational_control_effort,q_rot_L31,0.0,0.0,0.0,0.0
translational_control_effort,q_rot_L32,0.0,0.0,0.0,0.0
translational_control_effort,q_rot_L33,0.0,0.0,0.0,0.0
translational_control_effort,K_P_omega_ref_1,0.0,0.0,0.0,0.0
translational_control_effort,K_P_omega_ref_2,0.0,0.0,0.0,0.0
translational_control_effort,K_P_omega_ref_3,0.0,0.0,0.0,0.0
translational_control_effort,K_I_omega_ref_1,0.0,0.0,0.0,0.0
translational_control_effort,K_I_omega_ref_2,0.0,0.0,0.0,0.0
translational_control_effort,K_I_omega_ref_3,0.0,0.0,0.0,0.0
translational_control_effort,sigma_x_tran,0.0,0.0,0.0,0.0
translational_control_effort,sigma_r_tran,0.0,0.0,0.0,0.0
translational_control_effort,sigma_Theta_tran,0.0,0.0,0.0,0.0
translational_control_effort,sigma_x_rot,0.0,0.0,0.0,0.0
translational_control_effort,sigma_r_rot,0.0,0.0,0.0,0.0
translational_control_effort,sigma_Theta_rot,0.0,0.0,0.0,0.0
